INSERT INTO amenity (NAME) VALUES
("Microwave"),
("Jacuzzi"),
("Fridge"),
("Oven");

INSERT INTO guest(forename,surname,address,city,state,zip,phone) VALUES ('Mack','Simmer','379 Old Shore Street','Council Bluffs','IA',51501,'(291) 553-0508');
INSERT INTO guest(forename,surname,address,city,state,zip,phone) VALUES ('Bettyann','Seery','750 Wintergreen Dr.','Wasilla','AK',99654,'(478) 277-9632');
INSERT INTO guest(forename,surname,address,city,state,zip,phone) VALUES ('Duane','Cullison','9662 Foxrun Lane','Harlingen','TX',78552,'(308) 494-0198');
INSERT INTO guest(forename,surname,address,city,state,zip,phone) VALUES ('Karie','Yang','9378 W. Augusta Ave.','West Deptford','NJ',8096,'(214) 730-0298');
INSERT INTO guest(forename,surname,address,city,state,zip,phone) VALUES ('Aurore','Lipton','762 Wild Rose Street','Saginaw','MI',48601,'(377) 507-0974');
INSERT INTO guest(forename,surname,address,city,state,zip,phone) VALUES ('Zachery','Luechtefeld','7 Poplar Dr.','Arvada','CO',80003,'(814) 485-2615');
INSERT INTO guest(forename,surname,address,city,state,zip,phone) VALUES ('Jeremiah','Pendergrass','70 Oakwood St.','Zion','IL',60099,'(279) 491-0960');
INSERT INTO guest(forename,surname,address,city,state,zip,phone) VALUES ('Walter','Holaway','7556 Arrowhead St.','Cumberland','RI',2864,'(446) 396-6785');
INSERT INTO guest(forename,surname,address,city,state,zip,phone) VALUES ('Wilfred','Vise','77 West Surrey Street','Oswego','NY',13126,'(834) 727-1001');
INSERT INTO guest(forename,surname,address,city,state,zip,phone) VALUES ('Maritza','Tilton','939 Linda Rd.','Burke','VA',22015,'(446) 351-6860');
INSERT INTO guest(forename,surname,address,city,state,zip,phone) VALUES ('Joleen','Tison','87 Queen St.','Drexel Hill','PA',19026,'(231) 893-2755');

INSERT INTO room(num,size,ada_access,std_occ,max_occ,base_price,ext_person) VALUES (201,'Double',0,2,4,19999,10);
INSERT INTO room(num,size,ada_access,std_occ,max_occ,base_price,ext_person) VALUES (202,'Double',1,2,4,17499,10);
INSERT INTO room(num,size,ada_access,std_occ,max_occ,base_price,ext_person) VALUES (203,'Double',0,2,4,19999,10);
INSERT INTO room(num,size,ada_access,std_occ,max_occ,base_price,ext_person) VALUES (204,'Double',1,2,4,17499,10);
INSERT INTO room(num,size,ada_access,std_occ,max_occ,base_price,ext_person) VALUES (205,'Single',0,2,2,17499,NULL);
INSERT INTO room(num,size,ada_access,std_occ,max_occ,base_price,ext_person) VALUES (206,'Single',1,2,2,14999,NULL);
INSERT INTO room(num,size,ada_access,std_occ,max_occ,base_price,ext_person) VALUES (207,'Single',0,2,2,17499,NULL);
INSERT INTO room(num,size,ada_access,std_occ,max_occ,base_price,ext_person) VALUES (208,'Single',1,2,2,14999,NULL);
INSERT INTO room(num,size,ada_access,std_occ,max_occ,base_price,ext_person) VALUES (301,'Double',0,2,4,19999,10);
INSERT INTO room(num,size,ada_access,std_occ,max_occ,base_price,ext_person) VALUES (302,'Double',1,2,4,17499,10);
INSERT INTO room(num,size,ada_access,std_occ,max_occ,base_price,ext_person) VALUES (303,'Double',0,2,4,19999,10);
INSERT INTO room(num,size,ada_access,std_occ,max_occ,base_price,ext_person) VALUES (304,'Double',1,2,4,17499,10);
INSERT INTO room(num,size,ada_access,std_occ,max_occ,base_price,ext_person) VALUES (305,'Single',0,2,2,17499,NULL);
INSERT INTO room(num,size,ada_access,std_occ,max_occ,base_price,ext_person) VALUES (306,'Single',1,2,2,14999,NULL);
INSERT INTO room(num,size,ada_access,std_occ,max_occ,base_price,ext_person) VALUES (307,'Single',0,2,2,17499,NULL);
INSERT INTO room(num,size,ada_access,std_occ,max_occ,base_price,ext_person) VALUES (308,'Single',1,2,2,14999,NULL);
INSERT INTO room(num,size,ada_access,std_occ,max_occ,base_price,ext_person) VALUES (401,'Suite',1,3,8,39999,20);
INSERT INTO room(num,size,ada_access,std_occ,max_occ,base_price,ext_person) VALUES (402,'Suite',1,3,8,39999,20);

INSERT INTO reservation(room_num,guest_id,n_adults,n_child,start,end) VALUES (308,1,1,0,'2023-02-02','2023-04-02');
INSERT INTO reservation(room_num,guest_id,n_adults,n_child,start,end) VALUES (203,2,2,1,'2023-05-02','2023-10-02');
INSERT INTO reservation(room_num,guest_id,n_adults,n_child,start,end) VALUES (305,3,2,0,'2023-02-22','2023-02-24');
INSERT INTO reservation(room_num,guest_id,n_adults,n_child,start,end) VALUES (201,4,2,2,'2023-06-03','2023-07-03');
INSERT INTO reservation(room_num,guest_id,n_adults,n_child,start,end) VALUES (307,5,1,1,'2023-03-27','2023-03-20');
INSERT INTO reservation(room_num,guest_id,n_adults,n_child,start,end) VALUES (302,6,3,0,'2023-03-18','2023-03-23');
INSERT INTO reservation(room_num,guest_id,n_adults,n_child,start,end) VALUES (202,7,2,2,'2023-03-29','2023-03-31');
INSERT INTO reservation(room_num,guest_id,n_adults,n_child,start,end) VALUES (304,8,2,0,'2023-03-31','2023-05-04');
INSERT INTO reservation(room_num,guest_id,n_adults,n_child,start,end) VALUES (301,9,1,0,'2023-09-04','2023-04-13');
INSERT INTO reservation(room_num,guest_id,n_adults,n_child,start,end) VALUES (207,10,1,1,'2023-04-23','2023-04-24');
INSERT INTO reservation(room_num,guest_id,n_adults,n_child,start,end) VALUES (401,11,2,4,'2023-05-30','2023-02-06');
INSERT INTO reservation(room_num,guest_id,n_adults,n_child,start,end) VALUES (206,11,2,0,'2023-10-06','6-14-2023');
INSERT INTO reservation(room_num,guest_id,n_adults,n_child,start,end) VALUES (208,11,1,0,'2023-10-06','6-14-2023');
INSERT INTO reservation(room_num,guest_id,n_adults,n_child,start,end) VALUES (304,5,3,0,'6-17-2023','6-18-2023');
INSERT INTO reservation(room_num,guest_id,n_adults,n_child,start,end) VALUES (204,8,3,1,'7-13-2023','7-14-2023');
INSERT INTO reservation(room_num,guest_id,n_adults,n_child,start,end) VALUES (401,9,4,2,'7-18-2023','7-21-2023');
INSERT INTO reservation(room_num,guest_id,n_adults,n_child,start,end) VALUES (303,2,2,1,'7-28-2023','7-29-2023');
INSERT INTO reservation(room_num,guest_id,n_adults,n_child,start,end) VALUES (305,2,1,0,'8-30-2023','2023-01-09');
INSERT INTO reservation(room_num,guest_id,n_adults,n_child,start,end) VALUES (208,1,2,0,'9-16-2023','9-17-2023');
INSERT INTO reservation(room_num,guest_id,n_adults,n_child,start,end) VALUES (203,4,2,2,'9-13-2023','9-15-2023');
INSERT INTO reservation(room_num,guest_id,n_adults,n_child,start,end) VALUES (401,3,2,2,'11-22-2023','11-25-2023');
INSERT INTO reservation(room_num,guest_id,n_adults,n_child,start,end) VALUES (206,1,2,0,'11-22-2023','11-25-2023');
INSERT INTO reservation(room_num,guest_id,n_adults,n_child,start,end) VALUES (301,1,2,2,'11-22-2023','11-25-2023');
INSERT INTO reservation(room_num,guest_id,n_adults,n_child,start,end) VALUES (302,10,2,0,'12-24-2023','12-28-2023');

INSERT INTO room_amenity(room_num,amenity_id) VALUES (201,2);
INSERT INTO room_amenity(room_num,amenity_id) VALUES (201,1);
INSERT INTO room_amenity(room_num,amenity_id) VALUES (202,3);
INSERT INTO room_amenity(room_num,amenity_id) VALUES (203,1);
INSERT INTO room_amenity(room_num,amenity_id) VALUES (203,2);
INSERT INTO room_amenity(room_num,amenity_id) VALUES (204,3);
INSERT INTO room_amenity(room_num,amenity_id) VALUES (205,1);
INSERT INTO room_amenity(room_num,amenity_id) VALUES (205,2);
INSERT INTO room_amenity(room_num,amenity_id) VALUES (205,3);
INSERT INTO room_amenity(room_num,amenity_id) VALUES (206,1);
INSERT INTO room_amenity(room_num,amenity_id) VALUES (206,3);
INSERT INTO room_amenity(room_num,amenity_id) VALUES (207,1);
INSERT INTO room_amenity(room_num,amenity_id) VALUES (207,2);
INSERT INTO room_amenity(room_num,amenity_id) VALUES (207,3);
INSERT INTO room_amenity(room_num,amenity_id) VALUES (208,1);
INSERT INTO room_amenity(room_num,amenity_id) VALUES (208,3);
INSERT INTO room_amenity(room_num,amenity_id) VALUES (301,1);
INSERT INTO room_amenity(room_num,amenity_id) VALUES (301,2);
INSERT INTO room_amenity(room_num,amenity_id) VALUES (302,3);
INSERT INTO room_amenity(room_num,amenity_id) VALUES (303,1);
INSERT INTO room_amenity(room_num,amenity_id) VALUES (303,2);
INSERT INTO room_amenity(room_num,amenity_id) VALUES (304,3);
INSERT INTO room_amenity(room_num,amenity_id) VALUES (305,1);
INSERT INTO room_amenity(room_num,amenity_id) VALUES (305,2);
INSERT INTO room_amenity(room_num,amenity_id) VALUES (305,3);
INSERT INTO room_amenity(room_num,amenity_id) VALUES (306,1);
INSERT INTO room_amenity(room_num,amenity_id) VALUES (306,3);
INSERT INTO room_amenity(room_num,amenity_id) VALUES (307,1);
INSERT INTO room_amenity(room_num,amenity_id) VALUES (307,2);
INSERT INTO room_amenity(room_num,amenity_id) VALUES (307,3);
INSERT INTO room_amenity(room_num,amenity_id) VALUES (308,1);
INSERT INTO room_amenity(room_num,amenity_id) VALUES (308,3);
INSERT INTO room_amenity(room_num,amenity_id) VALUES (401,1);
INSERT INTO room_amenity(room_num,amenity_id) VALUES (401,3);
INSERT INTO room_amenity(room_num,amenity_id) VALUES (401,4);
INSERT INTO room_amenity(room_num,amenity_id) VALUES (402,1);
INSERT INTO room_amenity(room_num,amenity_id) VALUES (402,3);
INSERT INTO room_amenity(room_num,amenity_id) VALUES (402,4);